word,Type of Word,Attribute Class
table,Attribute,Ambiance
top,Attribute,Ambiance
experience,Attribute,Ambiance
light,Attribute,Ambiance
house,Attribute,Ambiance
style,Attribute,Ambiance
feel,Attribute,Ambiance
kitchen,Attribute,Ambiance
tables,Attribute,Ambiance
inside,Attribute,Ambiance
atmosphere,Attribute,Ambiance
space,Attribute,Ambiance
patio,Attribute,Ambiance
view,Attribute,Ambiance
packed,Attribute,Ambiance
door,Attribute,Ambiance
interior,Attribute,Ambiance
casino,Attribute,Ambiance
music,Attribute,Ambiance
decor,Attribute,Ambiance
floor,Attribute,Ambiance
loud,Attribute,Ambiance
club,Attribute,Ambiance
ambiance,Attribute,Ambiance
rock,Attribute,Ambiance
stay,Attribute,Ambiance
steakhouse,Attribute,Ambiance
crowd,Attribute,Ambiance
upscale,Attribute,Ambiance
casual,Attribute,Ambiance
lounge,Attribute,Ambiance
section,Attribute,Ambiance
outdoor,Attribute,Ambiance
cafe,Attribute,Ambiance
game,Attribute,Ambiance
exterior,Attribute,Ambiance
mall,Attribute,Ambiance
wall,Attribute,Ambiance
entrance,Attribute,Ambiance
setting,Attribute,Ambiance
crowded,Attribute,Ambiance
experiences,Attribute,Ambiance
vibe,Attribute,Ambiance
winner,Attribute,Ambiance
experienced,Attribute,Ambiance
art,Attribute,Ambiance
cart,Attribute,Ambiance
pub,Attribute,Ambiance
sound,Attribute,Ambiance
corner,Attribute,Ambiance
quiet,Attribute,Ambiance
scene,Attribute,Ambiance
sounds,Attribute,Ambiance
boulevard,Attribute,Ambiance
fountains,Attribute,Ambiance
venue,Attribute,Ambiance
food,Attribute,Food
menu,Attribute,Food
sauce,Attribute,Food
cheese,Attribute,Food
chicken,Attribute,Food
chocolate,Attribute,Food
cream,Attribute,Food
dish,Attribute,Food
meal,Attribute,Food
flavor,Attribute,Food
bread,Attribute,Food
dessert,Attribute,Food
fries,Attribute,Food
dinner,Attribute,Food
pork,Attribute,Food
items,Attribute,Food
cake,Attribute,Food
beef,Attribute,Food
dishes,Attribute,Food
burger,Attribute,Food
meat,Attribute,Food
salad,Attribute,Food
steak,Attribute,Food
rice,Attribute,Food
lunch,Attribute,Food
eat,Attribute,Food
ice,Attribute,Food
bacon,Attribute,Food
butter,Attribute,Food
dining,Attribute,Food
garlic,Attribute,Food
plate,Attribute,Food
breakfast,Attribute,Food
taste,Attribute,Food
lobster,Attribute,Food
shrimp,Attribute,Food
egg,Attribute,Food
cooked,Attribute,Food
fish,Attribute,Food
flavors,Attribute,Food
soup,Attribute,Food
tea,Attribute,Food
coffee,Attribute,Food
white,Attribute,Food
truffle,Attribute,Food
grilled,Attribute,Food
chef,Attribute,Food
desserts,Attribute,Food
pizza,Attribute,Food
sushi,Attribute,Food
crab,Attribute,Food
pudding,Attribute,Food
beer,Attribute,Food
french,Attribute,Food
rolls,Attribute,Food
potatoes,Attribute,Food
portion,Attribute,Food
plates,Attribute,Food
tomato,Attribute,Food
texture,Attribute,Food
roll,Attribute,Food
potato,Attribute,Food
tuna,Attribute,Food
bite,Attribute,Food
eating,Attribute,Food
sandwich,Attribute,Food
rib,Attribute,Food
toast,Attribute,Food
lemon,Attribute,Food
chips,Attribute,Food
corn,Attribute,Food
onion,Attribute,Food
salmon,Attribute,Food
choice,Attribute,Food
pie,Attribute,Food
buffet,Attribute,Food
mushrooms,Attribute,Food
curry,Attribute,Food
salt,Attribute,Food
banana,Attribute,Food
eggs,Attribute,Food
duck,Attribute,Food
pieces,Attribute,Food
onions,Attribute,Food
tacos,Attribute,Food
caramel,Attribute,Food
fruit,Attribute,Food
pasta,Attribute,Food
crust,Attribute,Food
oil,Attribute,Food
slices,Attribute,Food
ramen,Attribute,Food
ingredients,Attribute,Food
pancakes,Attribute,Food
portions,Attribute,Food
mac,Attribute,Food
noodles,Attribute,Food
honey,Attribute,Food
vanilla,Attribute,Food
gras,Attribute,Food
spice,Attribute,Food
syrup,Attribute,Food
belly,Attribute,Food
coconut,Attribute,Food
iced,Attribute,Food
sausage,Attribute,Food
piece,Attribute,Food
sugar,Attribute,Food
broth,Attribute,Food
main,Attribute,Food
lamb,Attribute,Food
stuffed,Attribute,Food
whipped,Attribute,Food
apple,Attribute,Food
pepper,Attribute,Food
filet,Attribute,Food
appetizers,Attribute,Food
avocado,Attribute,Food
baked,Attribute,Food
bbq,Attribute,Food
slice,Attribute,Food
tomatoes,Attribute,Food
appetizer,Attribute,Food
option,Attribute,Food
cinnamon,Attribute,Food
seafood,Attribute,Food
nutella,Attribute,Food
strawberry,Attribute,Food
pastry,Attribute,Food
brunch,Attribute,Food
peanut,Attribute,Food
bun,Attribute,Food
sauces,Attribute,Food
bone,Attribute,Food
stuff,Attribute,Food
maple,Attribute,Food
thai,Attribute,Food
wings,Attribute,Food
beans,Attribute,Food
meats,Attribute,Food
sea,Attribute,Food
spinach,Attribute,Food
burgers,Attribute,Food
italian,Attribute,Food
mushroom,Attribute,Food
bites,Attribute,Food
mango,Attribute,Food
milk,Attribute,Food
nigiri,Attribute,Food
parmesan,Attribute,Food
peppers,Attribute,Food
based,Attribute,Food
basil,Attribute,Food
chili,Attribute,Food
eye,Attribute,Food
waffle,Attribute,Food
waffles,Attribute,Food
orange,Attribute,Food
mexican,Attribute,Food
cookie,Attribute,Food
tart,Attribute,Food
veggies,Attribute,Food
entree,Attribute,Food
taco,Attribute,Food
greens,Attribute,Food
gelato,Attribute,Food
mix,Attribute,Food
octopus,Attribute,Food
pineapple,Attribute,Food
skin,Attribute,Food
basket,Attribute,Food
gravy,Attribute,Food
raspberry,Attribute,Food
tofu,Attribute,Food
dressing,Attribute,Food
mashed,Attribute,Food
carrot,Attribute,Food
combination,Attribute,Food
pho,Attribute,Food
pot,Attribute,Food
courses,Attribute,Food
ate,Attribute,Food
olive,Attribute,Food
salsa,Attribute,Food
sandwiches,Attribute,Food
cookies,Attribute,Food
creme,Attribute,Food
entrees,Attribute,Food
ricotta,Attribute,Food
toppings,Attribute,Food
chunks,Attribute,Food
item,Attribute,Food
choices,Attribute,Food
fella,Attribute,Food
mustard,Attribute,Food
dip,Attribute,Food
velvet,Attribute,Food
cheddar,Attribute,Food
mousse,Attribute,Food
ribs,Attribute,Food
brioche,Attribute,Food
custard,Attribute,Food
lime,Attribute,Food
mint,Attribute,Food
scallops,Attribute,Food
yellowtail,Attribute,Food
cakes,Attribute,Food
lettuce,Attribute,Food
shell,Attribute,Food
toasted,Attribute,Food
buttery,Attribute,Food
cheesecake,Attribute,Food
ribeye,Attribute,Food
mayo,Attribute,Food
menus,Attribute,Food
bean,Attribute,Food
pancake,Attribute,Food
asian,Attribute,Food
citrus,Attribute,Food
meatballs,Attribute,Food
oysters,Attribute,Food
pan,Attribute,Food
eggplant,Attribute,Food
mozzarella,Attribute,Food
pistachio,Attribute,Food
toffee,Attribute,Food
cilantro,Attribute,Food
gnocchi,Attribute,Food
jam,Attribute,Food
ravioli,Attribute,Food
sprouts,Attribute,Food
asparagus,Attribute,Food
bananas,Attribute,Food
japanese,Attribute,Food
soy,Attribute,Food
offerings,Attribute,Food
sashimi,Attribute,Food
cherry,Attribute,Food
korean,Attribute,Food
stick,Attribute,Food
benedict,Attribute,Food
hash,Attribute,Food
jalapeno,Attribute,Food
vegetables,Attribute,Food
wagyu,Attribute,Food
american,Attribute,Food
bellagio,Attribute,Food
ham,Attribute,Food
offering,Attribute,Food
sliders,Attribute,Food
spoon,Attribute,Food
chinese,Attribute,Food
seasoning,Attribute,Food
macarons,Attribute,Food
scallop,Attribute,Food
tiramisu,Attribute,Food
almond,Attribute,Food
chile,Attribute,Food
prosciutto,Attribute,Food
salads,Attribute,Food
shake,Attribute,Food
batter,Attribute,Food
buns,Attribute,Food
goat,Attribute,Food
meals,Attribute,Food
nachos,Attribute,Food
tastes,Attribute,Food
balsamic,Attribute,Food
crepe,Attribute,Food
dine,Attribute,Food
risotto,Attribute,Food
steaks,Attribute,Food
strawberries,Attribute,Food
sweets,Attribute,Food
brulee,Attribute,Food
calamari,Attribute,Food
greek,Attribute,Food
spread,Attribute,Food
brisket,Attribute,Food
cuisine,Attribute,Food
eaten,Attribute,Food
omelet,Attribute,Food
tartare,Attribute,Food
tortilla,Attribute,Food
cucumber,Attribute,Food
textures,Attribute,Food
truffles,Attribute,Food
turkey,Attribute,Food
arugula,Attribute,Food
bleu,Attribute,Food
buffets,Attribute,Food
ginger,Attribute,Food
kobe,Attribute,Food
puree,Attribute,Food
stack,Attribute,Food
strips,Attribute,Food
breast,Attribute,Food
combo,Attribute,Food
confit,Attribute,Food
hazelnut,Attribute,Food
pecan,Attribute,Food
veal,Attribute,Food
cotta,Attribute,Food
rings,Attribute,Food
veggie,Attribute,Food
yogurt,Attribute,Food
chipotle,Attribute,Food
noodle,Attribute,Food
peach,Attribute,Food
selections,Attribute,Food
berries,Attribute,Food
chip,Attribute,Food
croissant,Attribute,Food
dined,Attribute,Food
eats,Attribute,Food
layer,Attribute,Food
nuts,Attribute,Food
pastries,Attribute,Food
pesto,Attribute,Food
polenta,Attribute,Food
spaghetti,Attribute,Food
squash,Attribute,Food
blueberry,Attribute,Food
breaded,Attribute,Food
buttermilk,Attribute,Food
indian,Attribute,Food
mussels,Attribute,Food
olives,Attribute,Food
panna,Attribute,Food
pig,Attribute,Food
yuzu,Attribute,Food
balls,Attribute,Food
box,Attribute,Food
broccoli,Attribute,Food
bulgogi,Attribute,Food
caviar,Attribute,Food
foods,Attribute,Food
patty,Attribute,Food
protein,Attribute,Food
treat,Attribute,Food
vinaigrette,Attribute,Food
ranch,Attribute,Food
sage,Attribute,Food
walnut,Attribute,Food
almonds,Attribute,Food
guacamole,Attribute,Food
robuchon,Attribute,Food
spices,Attribute,Food
versions,Attribute,Food
york,Attribute,Food
carrots,Attribute,Food
cauliflower,Attribute,Food
hawaiian,Attribute,Food
ketchup,Attribute,Food
prix,Attribute,Food
sundae,Attribute,Food
beignets,Attribute,Food
carne,Attribute,Food
diners,Attribute,Food
naan,Attribute,Food
pear,Attribute,Food
pumpkin,Attribute,Food
wasabi,Attribute,Food
asada,Attribute,Food
clams,Attribute,Food
feta,Attribute,Food
herb,Attribute,Food
legs,Attribute,Food
nut,Attribute,Food
roast,Attribute,Food
sesame,Attribute,Food
biscuit,Attribute,Food
bourbon,Attribute,Food
brownie,Attribute,Food
buffalo,Attribute,Food
carte,Attribute,Food
cheesy,Attribute,Food
chop,Attribute,Food
chorizo,Attribute,Food
cocoa,Attribute,Food
palate,Attribute,Food
root,Attribute,Food
snack,Attribute,Food
tapas,Attribute,Food
acidity,Attribute,Food
bakery,Attribute,Food
biscuits,Attribute,Food
cups,Attribute,Food
diner,Attribute,Food
english,Attribute,Food
mascarpone,Attribute,Food
mignon,Attribute,Food
topping,Attribute,Food
baguette,Attribute,Food
boba,Attribute,Food
burrito,Attribute,Food
cheek,Attribute,Food
chops,Attribute,Food
crepes,Attribute,Food
flatbread,Attribute,Food
fork,Attribute,Food
frosting,Attribute,Food
marinara,Attribute,Food
mixture,Attribute,Food
peas,Attribute,Food
walnuts,Attribute,Food
apps,Attribute,Food
candy,Attribute,Food
carpaccio,Attribute,Food
donut,Attribute,Food
horseradish,Attribute,Food
jalape?,Attribute,Food
kalbi,Attribute,Food
lasagna,Attribute,Food
oven,Attribute,Food
apples,Attribute,Food
bass,Attribute,Food
beets,Attribute,Food
berry,Attribute,Food
cornbread,Attribute,Food
description,Attribute,Food
fennel,Attribute,Food
jelly,Attribute,Food
kale,Attribute,Food
marshmallow,Attribute,Food
pizzas,Attribute,Food
cod,Attribute,Food
herbs,Attribute,Food
vegetable,Attribute,Food
brussels,Attribute,Food
cajun,Attribute,Food
carnevino,Attribute,Food
cheeses,Attribute,Food
hamachi,Attribute,Food
kimchi,Attribute,Food
leaf,Attribute,Food
lines,Attribute,Food
muffin,Attribute,Food
peanuts,Attribute,Food
pecans,Attribute,Food
pretzel,Attribute,Food
soups,Attribute,Food
vietnamese,Attribute,Food
albacore,Attribute,Food
bernaise,Attribute,Food
charcuterie,Attribute,Food
macaron,Attribute,Food
platter,Attribute,Food
powder,Attribute,Food
product,Attribute,Food
scoop,Attribute,Food
vinegar,Attribute,Food
butterscotch,Attribute,Food
caesar,Attribute,Food
cracker,Attribute,Food
liver,Attribute,Food
mediterranean,Attribute,Food
pies,Attribute,Food
ponzu,Attribute,Food
takeout,Attribute,Food
tikka,Attribute,Food
tortillas,Attribute,Food
watermelon,Attribute,Food
bones,Attribute,Food
crawfish,Attribute,Food
doughnuts,Attribute,Food
feast,Attribute,Food
frites,Attribute,Food
milkshake,Attribute,Food
mountain,Attribute,Food
seaweed,Attribute,Food
bagel,Attribute,Food
dough,Attribute,Food
grits,Attribute,Food
bar,Attribute,Food
drinks,Attribute,Food
drink,Attribute,Food
wine,Attribute,Food
water,Attribute,Food
cocktails,Attribute,Food
cocktail,Attribute,Food
beers,Attribute,Food
refills,Attribute,Food
sorbet,Attribute,Food
alcohol,Attribute,Food
rum,Attribute,Food
glasses,Attribute,Food
espresso,Attribute,Food
juice,Attribute,Food
bottle,Attribute,Food
refill,Attribute,Food
vodka,Attribute,Food
booth,Attribute,Food
champagne,Attribute,Food
booths,Attribute,Food
juices,Attribute,Food
sangria,Attribute,Food
soda,Attribute,Food
margarita,Attribute,Food
liquor,Attribute,Food
latte,Attribute,Food
liquid,Attribute,Food
vegas,Attribute,Location
strip,Attribute,Location
spot,Attribute,Location
town,Attribute,Location
location,Attribute,Location
las,Attribute,Location
city,Attribute,Location
located,Attribute,Location
parking,Attribute,Location
spots,Attribute,Location
street,Attribute,Location
trip,Attribute,Location
downtown,Attribute,Location
shop,Attribute,Location
station,Attribute,Location
country,Attribute,Location
bay,Attribute,Location
park,Attribute,Location
locations,Attribute,Location
square,Attribute,Location
island,Attribute,Location
ny,Attribute,Location
venetian,Attribute,Location
california,Attribute,Location
nearby,Attribute,Location
price,Attribute,Price
worth,Attribute,Price
check,Attribute,Price
prices,Attribute,Price
deal,Attribute,Price
offer,Attribute,Price
pay,Attribute,Price
total,Attribute,Price
card,Attribute,Price
change,Attribute,Price
priced,Attribute,Price
cost,Attribute,Price
bill,Attribute,Price
save,Attribute,Price
pricey,Attribute,Price
pricing,Attribute,Price
worthy,Attribute,Price
spend,Attribute,Price
charge,Attribute,Price
money,Attribute,Price
buy,Attribute,Price
paying,Attribute,Price
ratio,Attribute,Price
sample,Attribute,Price
sampler,Attribute,Price
fare,Attribute,Price
credit,Attribute,Price
spent,Attribute,Price
paid,Attribute,Price
discount,Attribute,Price
service,Attribute,Service
time,Attribute,Service
server,Attribute,Service
served,Attribute,Service
brought,Attribute,Service
wait,Attribute,Service
times,Attribute,Service
minutes,Attribute,Service
staff,Attribute,Service
bowl,Attribute,Service
person,Attribute,Service
list,Attribute,Service
line,Attribute,Service
selection,Attribute,Service
glass,Attribute,Service
variety,Attribute,Service
servers,Attribute,Service
offered,Attribute,Service
guy,Attribute,Service
serve,Attribute,Service
tip,Attribute,Service
waiting,Attribute,Service
reservation,Attribute,Service
serving,Attribute,Service
presentation,Attribute,Service
counter,Attribute,Service
cup,Attribute,Service
level,Attribute,Service
concept,Attribute,Service
waited,Attribute,Service
hostess,Attribute,Service
greeted,Attribute,Service
waiter,Attribute,Service
stand,Attribute,Service
idea,Attribute,Service
owner,Attribute,Service
chefs,Attribute,Service
giving,Attribute,Service
manager,Attribute,Service
received,Attribute,Service
attention,Attribute,Service
bartender,Attribute,Service
waitress,Attribute,Service
delivered,Attribute,Service
request,Attribute,Service
reservations,Attribute,Service
executed,Attribute,Service
call,Attribute,Service
michael,Attribute,Service
online,Attribute,Service
chain,Attribute,Service
poured,Attribute,Service
suggested,Attribute,Service
tableside,Attribute,Service
stood,Attribute,Service
customers,Attribute,Service
fill,Attribute,Service
woman,Attribute,Service
execution,Attribute,Service
seats,Attribute,Service
suggest,Attribute,Service
customer,Attribute,Service
playing,Attribute,Service
treated,Attribute,Service
understand,Attribute,Service
chef's,Attribute,Service
cobbler,Attribute,Service
explained,Attribute,Service
guest,Attribute,Service
smile,Attribute,Service
informed,Attribute,Service
lady,Attribute,Service
mistake,Attribute,Service
hospitality,Attribute,Service
advice,Attribute,Service
restaurant,Attribute,general
people,Attribute,Service
told,Attribute,Service
lot,Attribute,Location
home,Attribute,Location
store,Attribute,Location
car,Attribute,Location
called,Attribute,Service
hotel,Attribute,Location
fried,Attribute,Food
front,Attribute,Ambiance
business,Attribute,general
starch,Attribute,Food
tasted,Attribute,Food
walk,Attribute,Location
restaurants,Attribute,general
makes,Attribute,Food
walked,Attribute,Location
guys,Attribute,Service
cut,Attribute,Food
lots,Attribute,Location
phone,Attribute,Service
sit,Attribute,Service
drive,Attribute,Location
local,Attribute,Location
seated,Attribute,Service
sat,Attribute,Service
amount,Attribute,Price
seating,Attribute,Ambiance
pool,Attribute,Ambiance
office,Attribute,Ambiance
appointment,Attribute,Service
sitting,Attribute,Service
employees,Attribute,Service
de,Attribute,Location
girl,Attribute,Service
walking,Attribute,Location
watch,Attribute,Service
bought,Attribute,Price
phoenix,Attribute,Location
prepared,Attribute,Food
hands,Attribute,Service
minute,Attribute,Service
talk,Attribute,Service
desk,Attribute,Ambiance
overhead,Attribute,Price
hungry,Attribute,Food
seat,Attribute,Service
mouth,Attribute,Food
questions,Attribute,Service
specials,Attribute,Food
filled,Attribute,Service
girls,Attribute,Service
share,Attribute,Food
der,Attribute,Location
center,Attribute,Location
tostadas,Attribute,Food
bathroom,Attribute,Ambiance
bed,Attribute,Ambiance
management,Attribute,Service
cash,Attribute,Price
school,Attribute,Location
grab,Attribute,Food
dogs,Attribute,Food
toronto,Attribute,Location
charged,Attribute,Price
tasting,Attribute,Food
book,Attribute,Ambiance
owners,Attribute,Service
process,Attribute,Service
services,Attribute,Service
vegetarian,Attribute,Food
plant,Attribute,Food
plants,Attribute,Food
platain,Attribute,Food
platains,Attribute,Food
products,Attribute,Food
airport,Attribute,Location
building,Attribute,Location
attitude,Attribute,Service
scottsdale,Attribute,Location
window,Attribute,Ambiance
air,Attribute,Ambiance
cook,Attribute,Service
resort,Attribute,Location
valley,Attribute,Location
color,Attribute,Ambiance
neighborhood,Attribute,Location
market,Attribute,Location
team,Attribute,Service
seasoned,Attribute,Food
tv,Attribute,Ambiance
craving,Attribute,Food
shops,Attribute,general
blue,Attribute,Ambiance
games,Attribute,Ambiance
dollars,Attribute,Price
homemade,Attribute,Food
chairs,Attribute,Ambiance
cleaning,Attribute,Service
bucks,Attribute,Price
pass,Attribute,Location
split,Attribute,Price
shot,Attribute,Food
mins,Attribute,Context
grill,Attribute,Food
groupon,Attribute,Price
pictures,Attribute,Ambiance
environment,Attribute,Ambiance
dance,Attribute,Ambiance
guests,Attribute,Service
employee,Attribute,Service
fee,Attribute,Price
beat,Attribute,Ambiance
cheaper,Attribute,Price
baby,Attribute,Context
purchased,Attribute,Price
pm,Attribute,Context
roasted,Attribute,Food
provided,Attribute,Service
charlotte,Attribute,Location
desert,Attribute,Food
fat,Attribute,Food
rate,Attribute,Price
accommodating,Attribute,Service
road,Attribute,Location
west,Attribute,Location
offers,Attribute,Price
answer,Attribute,Service
classic,Attribute,Ambiance
boy,Attribute,Service
range,Attribute,Location
bars,Attribute,Food
north,Attribute,Location
hidden,Attribute,Location
south,Attribute,Location
dress,Attribute,Service
pittsburgh,Attribute,Location
provide,Attribute,Service
east,Attribute,Location
workers,Attribute,Service
cashier,Attribute,Service
walls,Attribute,Ambiance
pour,Attribute,Service
driving,Attribute,Location
relaxing,Attribute,Ambiance
complaints,Attribute,Service
montreal,Attribute,Location
arizona,Attribute,Location
bartenders,Attribute,Service
cleaned,Attribute,Ambiance
flavour,Attribute,Food
wrap,Attribute,Food
explain,Attribute,Service
coupon,Attribute,Price
smoke,Attribute,Ambiance
security,Attribute,Service
pop,Attribute,Food
dim,Attribute,Ambiance
soggy,Attribute,Food
picture,Attribute,Ambiance
donuts,Attribute,Food
cooking,Attribute,Food
gluten,Attribute,Food
drinking,Attribute,Food
children,Attribute,Ambiance
dollar,Attribute,Price
furniture,Attribute,Ambiance
grocery,Attribute,Food
owned,Attribute,Service
moist,Attribute,Food
pita,Attribute,Food
st,Attribute,Location
sale,Attribute,Price
board,Attribute,Ambiance
screen,Attribute,Ambiance
cleveland,Attribute,Location
closer,Attribute,Location
theater,Attribute,Location
treatment,Attribute,Service
figure,Attribute,Service
az,Attribute,Location
earlier,Attribute,Context
ambience,Attribute,Ambiance
clothes,Attribute,Service
lobby,Attribute,Ambiance
design,Attribute,Ambiance
doors,Attribute,Ambiance
hummus,Attribute,Food
patrons,Attribute,Service
health,Attribute,Food
requested,Attribute,Service
drove,Attribute,Location
windows,Attribute,Ambiance
dumplings,Attribute,Food
wifi,Attribute,Ambiance
answered,Attribute,Service
host,Attribute,Service
training,Attribute,Service
poutine,Attribute,Food
miles,Attribute,Location
deals,Attribute,Price
chicago,Attribute,Location
response,Attribute,Service
stage,Attribute,Ambiance
tax,Attribute,Price
lighting,Attribute,Ambiance
bike,Attribute,Location
refund,Attribute,Price
wrapped,Attribute,Food
burnt,Attribute,Food
upstairs,Attribute,Ambiance
garden,Attribute,Ambiance
tempura,Attribute,Food
des,Attribute,Location
bathrooms,Attribute,Ambiance
bringing,Attribute,Service
spending,Attribute,Price
gel,Attribute,Food
chair,Attribute,Ambiance
bottles,Attribute,Food
cupcakes,Attribute,Food
deli,Attribute,Food
suite,Attribute,Ambiance
waiters,Attribute,Service
ground,Attribute,Location
garage,Attribute,Location
band,Attribute,Ambiance
specialty,Attribute,Food
waitresses,Attribute,Service
tech,Attribute,Ambiance
site,Attribute,Location
serves,Attribute,Service
mile,Attribute,Location
miso,Attribute,Food
rent,Attribute,Price
college,Attribute,Location
stomach,Attribute,Food
wood,Attribute,Ambiance
polish,Attribute,Food
dealership,Attribute,Service
craft,Attribute,Ambiance
noise,Attribute,Ambiance
budget,Attribute,Price
handle,Attribute,Service
travel,Attribute,Location
tips,Attribute,Price
drunk,Attribute,Food
crew,Attribute,Service
dipping,Attribute,Food
comment,Attribute,Service
sliced,Attribute,Food
equipment,Attribute,Ambiance
organic,Attribute,Food
melted,Attribute,Food
valet,Attribute,Service
costs,Attribute,Price
steamed,Attribute,Food
madison,Attribute,Location
terms,Attribute,Context
reminded,Attribute,Service
margaritas,Attribute,Food
hanging,Attribute,Ambiance
studio,Attribute,Location
tower,Attribute,Location
dj,Attribute,Ambiance
far,Attribute,Location
carpet,Attribute,Ambiance
gyro,Attribute,Food
events,Attribute,Context
managed,Attribute,Service
decorated,Attribute,Ambiance
suggestions,Attribute,Service
internet,Attribute,Ambiance
dancing,Attribute,Ambiance
produce,Attribute,Food
receipt,Attribute,Price
tvs,Attribute,Ambiance
parties,Attribute,Context
distance,Attribute,Location
tempe,Attribute,Location
smoking,Attribute,Ambiance
treats,Attribute,Food
fry,Attribute,Food
books,Attribute,Ambiance
maintenance,Attribute,Ambiance
clients,Attribute,Service
season,Attribute,Context
floors,Attribute,Ambiance
watched,Attribute,Service
cuts,Attribute,Food
flavours,Attribute,Food
melt,Attribute,Food
account,Attribute,Price
smelled,Attribute,Ambiance
snacks,Attribute,Food
dressed,Attribute,Context
pepperoni,Attribute,Food
hat,Attribute,Service
traffic,Attribute,Location
layout,Attribute,Ambiance
base,Attribute,Ambiance
sake,Attribute,Food
energy,Attribute,Ambiance
bowls,Attribute,Food
burritos,Attribute,Food
clubs,Attribute,Ambiance
teriyaki,Attribute,Food
popcorn,Attribute,Food
views,Attribute,Ambiance
gentleman,Attribute,Service
cab,Attribute,Location
wines,Attribute,Food
cupcake,Attribute,Food
ring,Attribute,Ambiance
shots,Attribute,Food
fridge,Attribute,Food
gourmet,Attribute,Food
display,Attribute,Ambiance
tub,Attribute,Ambiance
fountain,Attribute,Ambiance
downstairs,Attribute,Ambiance
describe,Attribute,Service
mike,Attribute,Service
entertainment,Attribute,Ambiance
paint,Attribute,Ambiance
pickles,Attribute,Food
ac,Attribute,Ambiance
theme,Attribute,Ambiance
southern,Attribute,Food
plaza,Attribute,Location
bagels,Attribute,Food
fees,Attribute,Price
boys,Attribute,Service
charges,Attribute,Price
leftovers,Attribute,Food
shuttle,Attribute,Location
selling,Attribute,Price
towels,Attribute,Ambiance
smoothie,Attribute,Food
chopped,Attribute,Food
ceiling,Attribute,Ambiance
colors,Attribute,Ambiance
clothing,Attribute,Service
appointments,Attribute,Service
foie,Attribute,Food
shredded,Attribute,Food
coke,Attribute,Food
samples,Attribute,Food
fashion,Attribute,Ambiance
worker,Attribute,Service
repairs,Attribute,Ambiance
businesses,Attribute,general
chat,Attribute,Service
martini,Attribute,Food
flowers,Attribute,Ambiance
address,Attribute,Location
payment,Attribute,Price
lake,Attribute,Ambiance
salted,Attribute,Food
oily,Attribute,Food
coupons,Attribute,Price
cabbage,Attribute,Food
omelette,Attribute,Food
prepare,Attribute,Service
sticks,Attribute,Food
enchiladas,Attribute,Food
elevator,Attribute,Ambiance
mary,Attribute,Name
coleslaw,Attribute,Food
diet,Attribute,Food
wing,Attribute,Food
toilet,Attribute,Ambiance
penny,Attribute,Price
lemonade,Attribute,Food
edinburgh,Attribute,Location
beverage,Attribute,Food
draft,Attribute,Food
female,Attribute,Service
container,Attribute,Food
cutting,Attribute,Food
train,Attribute,Location
client,Attribute,Service
brings,Attribute,Service
coast,Attribute,Location
feed,Attribute,Food
program,Attribute,general
hill,Attribute,Location
quesadilla,Attribute,Food
indoor,Attribute,Ambiance
beach,Attribute,Location
stocked,Attribute,Food
wraps,Attribute,Food
nyc,Attribute,Location
welcomed,Attribute,Service
grease,Attribute,Food
reserved,Attribute,Service
movies,Attribute,Location
bistro,Attribute,Ambiance
quantity,Attribute,Food
beverages,Attribute,Food
greet,Attribute,Service
philly,Attribute,Location
receptionist,Attribute,Service
fusion,Attribute,Food
teas,Attribute,Food
explaining,Attribute,Service
blend,Attribute,Food
hall,Attribute,Ambiance
paris,Attribute,Location
falafel,Attribute,Food
palace,Attribute,Ambiance
chandler,Attribute,Ambiance
cleanliness,Attribute,Ambiance
yard,Attribute,Ambiance
texas,Attribute,Location
theatre,Attribute,Location
cheeseburger,Attribute,Food
brew,Attribute,Food
marinated,Attribute,Food
pools,Attribute,Ambiance
stairs,Attribute,Ambiance
trips,Attribute,Location
amenities,Attribute,Ambiance
assured,Attribute,Service
pickled,Attribute,Food
background,Attribute,Ambiance
levels,Attribute,Ambiance
bubble,Attribute,Food
communication,Attribute,Service
meatball,Attribute,Food
china,Attribute,Location
cooks,Attribute,Service
irish,Attribute,Food
rack,Attribute,Ambiance
restroom,Attribute,Ambiance
tree,Attribute,Ambiance
voice,Attribute,Ambiance
guac,Attribute,Food
cramped,Attribute,Ambiance
buck,Attribute,Price
village,Attribute,Location
casinos,Attribute,Ambiance
napkins,Attribute,Ambiance
buds,Attribute,Food
waren,Attribute,Location
male,Attribute,Service
dresses,Attribute,Service
couch,Attribute,Ambiance
designed,Attribute,Ambiance
bruschetta,Attribute,Food
managers,Attribute,Service
los,Attribute,Location
reception,Attribute,Service
chow,Attribute,Food
hipster,Attribute,Ambiance
smoothies,Attribute,Food
songs,Attribute,Ambiance
braised,Attribute,Food
wheat,Attribute,Food
garbage,Attribute,Ambiance
locally,Attribute,Location
oyster,Attribute,Food
ca,Attribute,Location
hamburger,Attribute,Food
district,Attribute,Location
walmart,Attribute,Location
farm,Attribute,Location
roof,Attribute,Ambiance
shakes,Attribute,Food
listened,Attribute,Service
saving,Attribute,Price
refilled,Attribute,Food
fruits,Attribute,Food
corned,Attribute,Food
wallet,Attribute,Price
church,Attribute,Location
mal,Attribute,Location
waitstaff,Attribute,service
dinners,Attribute,Food
starter,Attribute,Food
appetite,Attribute,Food
created,Attribute,Food
install,Attribute,Service
cents,Attribute,Price
sink,Attribute,Ambiance
steam,Attribute,Food
requests,Attribute,Service
gambling,Attribute,Context
tots,Attribute,Food
flag,Attribute,Ambiance
assortment,Attribute,Food
tv's,Attribute,Ambiance
crowds,Attribute,Ambiance
shawarma,Attribute,Food
traveling,Attribute,Location
stations,Attribute,Food
purchasing,Attribute,Price
tops,Attribute,Ambiance
dealer,Attribute,Service
adds,Attribute,general
rose,Attribute,Ambiance
rates,Attribute,Price
gate,Attribute,Ambiance
cheapest,Attribute,Price
chatting,Attribute,Service
collection,Attribute,Food
washed,Attribute,Ambiance
centre,Attribute,Location
eater,Attribute,Food
ceviche,Attribute,Food
microwave,Attribute,Food
song,Attribute,Ambiance
ale,Attribute,Food
squid,Attribute,Food
queso,Attribute,Food
bisque,Attribute,Food
field,Attribute,Location
canada,Attribute,Location
stew,Attribute,Food
costco,Attribute,Location
neighbourhood,Attribute,Location
features,Attribute,general
maintained,Attribute,Ambiance
blonde,Attribute,Service
screens,Attribute,Ambiance
tray,Attribute,Food
crave,Attribute,Food
zucchini,Attribute,Food
artichoke,Attribute,Food
breads,Attribute,Food
responded,Attribute,Service
sight,Attribute,Ambiance
trail,Attribute,Location
karaoke,Attribute,Ambiance
hollywood,Attribute,Location
advised,Attribute,Service
starters,Attribute,Food
destination,Attribute,Location
checks,Attribute,Price
italy,Attribute,Location
fajitas,Attribute,Food
stir,Attribute,Food
culinary,Attribute,Food
tequila,Attribute,Food
leather,Attribute,Ambiance
replied,Attribute,Service
insisted,Attribute,Service
coworkers,Attribute,Service
elevators,Attribute,Ambiance
staple,Attribute,Food
brewery,Attribute,Food
ages,Attribute,Context
masala,Attribute,Food
debit,Attribute,Price
pickle,Attribute,Food
blocks,Attribute,Location
enchilada,Attribute,Food
river,Attribute,Location
skewers,Attribute,Food
husband's,Attribute,Context
ave,Attribute,Location
chowder,Attribute,Food
bowling,Attribute,Ambiance
bottled,Attribute,Food
clientele,Attribute,Service
brick,Attribute,Ambiance
wonton,Attribute,Food
performance,Attribute,Service
clam,Attribute,Food
macaroni,Attribute,Food
chinatown,Attribute,Location
rep,Attribute,Service
pastrami,Attribute,Food
sampled,Attribute,Food
approached,Attribute,Service
mattress,Attribute,Ambiance
boss,Attribute,Service
bon,Attribute,Food
kim,Attribute,Service
assistant,Attribute,Service
exchange,Attribute,Service
fed,Attribute,Food
toys,Attribute,Ambiance
chic,Attribute,Ambiance
checkout,Attribute,Price
punch,Attribute,Food
waters,Attribute,Food
earned,Attribute,Service
veg,Attribute,Food
america,Attribute,Location
etwas,Attribute,Food
tone,Attribute,Ambiance
tourists,Attribute,Context
accompanied,Attribute,Context
calories,Attribute,Food
joe's,Attribute,Name
fremont,Attribute,Location
trees,Attribute,Ambiance
subs,Attribute,Location
parked,Attribute,Location
deposit,Attribute,Price
southwest,Attribute,Location
pint,Attribute,Food
foodie,Attribute,Food
aioli,Attribute,Food
flour,Attribute,Food
suites,Attribute,Ambiance
dairy,Attribute,Food
volume,Attribute,Ambiance
supplies,Attribute,Food
goodies,Attribute,Food
carnitas,Attribute,Food
steps,Attribute,Food
couches,Attribute,Ambiance
watered,Attribute,Food
mahi,Attribute,Food
feature,Attribute,general
whiskey,Attribute,Food
walks,Attribute,Location
heated,Attribute,Food
surrounding,Attribute,Location
language,Attribute,Service
scrambled,Attribute,Food
establishments,Attribute,general
artists,Attribute,Ambiance
panini,Attribute,Food
udon,Attribute,Food
accessories,Attribute,Ambiance
tab,Attribute,Price
fashioned,Attribute,Ambiance
library,Attribute,Location
boiled,Attribute,Food
associate,Attribute,Service
housekeeping,Attribute,Service
downhill,Attribute,Location
diamond,Attribute,Ambiance
canned,Attribute,Food
bills,Attribute,Price
poached,Attribute,Food
smoky,Attribute,Food
drank,Attribute,Food
human,Attribute,Service
slot,Attribute,Ambiance
upper,Attribute,Ambiance
greeting,Attribute,Service
rio,Attribute,Location
condiments,Attribute,Food
combinations,Attribute,Food
wooden,Attribute,Ambiance
barbecue,Attribute,Food
agent,Attribute,Service
pile,Attribute,Food
gyros,Attribute,Food
terminal,Attribute,Location
knife,Attribute,Food
chai,Attribute,Food
singing,Attribute,Ambiance
recipe,Attribute,Food
tenders,Attribute,Food
booze,Attribute,Food
taxi,Attribute,Location
frame,Attribute,Ambiance
cole,Attribute,Food
neighbors,Attribute,Location
tossed,Attribute,Food
bento,Attribute,Food
brews,Attribute,Food
painted,Attribute,Ambiance
alfredo,Attribute,Food
mocha,Attribute,Food
wenn,Attribute,Location
gal,Attribute,Service
edamame,Attribute,Food
explanation,Attribute,Service
caramelized,Attribute,Food
stadium,Attribute,Location
mimosas,Attribute,Food
hawaii,Attribute,Location
smokey,Attribute,Ambiance
curds,Attribute,Food
filipino,Attribute,Food
pitcher,Attribute,Food
patties,Attribute,Food
bands,Attribute,Ambiance
muffins,Attribute,Food
icing,Attribute,Food
western,Attribute,Ambiance
cone,Attribute,Food
vehicles,Attribute,Location
brie,Attribute,Food
summerlin,Attribute,Location
battered,Attribute,Food
campus,Attribute,Location
drivers,Attribute,Service
bargain,Attribute,Price
cafeteria,Attribute,Ambiance
beet,Attribute,Food
mexico,Attribute,Location
balcony,Attribute,Ambiance
oder,Attribute,Ambiance
pillows,Attribute,Ambiance
hallway,Attribute,Ambiance
katsu,Attribute,Food
cleared,Attribute,Service
themed,Attribute,Ambiance
alcoholic,Attribute,Food
servings,Attribute,Food
dancers,Attribute,Service
acknowledge,Attribute,Service
palazzo,Attribute,Ambiance
mains,Attribute,Food
breading,Attribute,Food
appearance,Attribute,Ambiance
tao,Attribute,Food
roti,Attribute,Food
catfish,Attribute,Food
university,Attribute,Location
ohio,Attribute,Location
restrooms,Attribute,Ambiance
sells,Attribute,Service
van,Attribute,Location
caesars,Attribute,Food
assistance,Attribute,Service
decorations,Attribute,Ambiance
advise,Attribute,Service
pastas,Attribute,Food
dipped,Attribute,Food
uptown,Attribute,Location
jazz,Attribute,Ambiance
staffed,Attribute,service
catering,Attribute,Food
silverware,Attribute,Ambiance
shack,Attribute,Ambiance
soaked,Attribute,Food
hills,Attribute,Location
carpets,Attribute,Ambiance
sip,Attribute,Food
culture,Attribute,Ambiance
sausages,Attribute,Food
salsas,Attribute,Food
cappuccino,Attribute,Food
patron,Attribute,Service
discounts,Attribute,Price
reserve,Attribute,general
storage,Attribute,general
hibachi,Attribute,Food
mash,Attribute,Food
outlet,Attribute,Location
coworker,Attribute,Service
squeezed,Attribute,Food
diego,Attribute,Location
tipped,Attribute,Service
renovated,Attribute,Ambiance
eatery,Attribute,Food
chick,Attribute,Service
dumpling,Attribute,Food
clerk,Attribute,Service
tile,Attribute,Ambiance
denny's,Attribute,Location
mirror,Attribute,Ambiance
hut,Attribute,Ambiance
halibut,Attribute,Food
rides,Attribute,Location
boat,Attribute,Ambiance
preparation,Attribute,Food
shelf,Attribute,Ambiance
answering,Attribute,Service
dust,Attribute,Ambiance
pretzels,Attribute,Food
attendant,Attribute,Service
installation,Attribute,Ambiance
route,Attribute,Location
ingredient,Attribute,Food
utensils,Attribute,Ambiance
respond,Attribute,Service
jar,Attribute,Food
alley,Attribute,Ambiance
surrounded,Attribute,Location
gratuity,Attribute,Price
european,Attribute,Food
ppl,Attribute,Service
cater,Attribute,Food
voucher,Attribute,Price
barista,Attribute,Service
rustic,Attribute,Ambiance
exhibit,Attribute,Ambiance
deck,Attribute,Location
meatloaf,Attribute,Food
props,Attribute,Ambiance
merchandise,Attribute,general
nightclub,Attribute,Ambiance
frills,Attribute,Food
arcade,Attribute,Ambiance
hookah,Attribute,Food
feedback,Attribute,Service
deserts,Attribute,Food
oxtail,Attribute,Food
bucket,Attribute,Food
tout,Attribute,Food
discounted,Attribute,Price
rosemary,Attribute,Food
painting,Attribute,Ambiance
squeeze,Attribute,Food
activities,Attribute,general
fondue,Attribute,Food
nevada,Attribute,Location
sing,Attribute,Ambiance
silver,Attribute,Ambiance
sodas,Attribute,Food
cuban,Attribute,Food
croissants,Attribute,Food
coffees,Attribute,Food
ipa,Attribute,Food
spaces,Attribute,Ambiance
understaffed,Attribute,service
containers,Attribute,Food
native,Attribute,Food
supervisor,Attribute,Service
freezer,Attribute,Food
allergies,Attribute,Food
matcha,Attribute,Food
blended,Attribute,Food
dinning,Attribute,Food
grounds,Attribute,Location
cravings,Attribute,Food
scheduling,Attribute,Service
skillet,Attribute,Food
assist,Attribute,Service
combos,Attribute,Food
cashiers,Attribute,Service
palms,Attribute,Ambiance
basement,Attribute,Ambiance
closet,Attribute,Ambiance
packages,Attribute,Food
concierge,Attribute,Service
flower,Attribute,Ambiance
cider,Attribute,Food
chocolates,Attribute,Food
streets,Attribute,Location
guard,Attribute,Service
kabob,Attribute,Food
blvd,Attribute,Location
francisco,Attribute,Location
tartar,Attribute,Food
heater,Attribute,Ambiance
hangout,Attribute,Ambiance
shelves,Attribute,Ambiance
straw,Attribute,Food
mojito,Attribute,Food
tenderloin,Attribute,Food
dealers,Attribute,Service
char,Attribute,Food
groceries,Attribute,Food
ghetto,Attribute,Location
taxes,Attribute,Price
pico,Attribute,Food
vegetarians,Attribute,Food
bird,Attribute,Food
monte,Attribute,Location
tools,Attribute,Ambiance
sits,Attribute,Service
trek,Attribute,Location
melts,Attribute,Food
cheesesteak,Attribute,Food
performers,Attribute,Ambiance
washing,Attribute,Service
instructions,Attribute,Service
transaction,Attribute,Price
depot,Attribute,Location
reply,Attribute,Service
sauteed,Attribute,Food
verde,Attribute,Food
covers,Attribute,Ambiance
pollo,Attribute,Food
cigarette,Attribute,Food
fills,Attribute,Service
billing,Attribute,Price
refrigerator,Attribute,Food
cranberry,Attribute,Food
angeles,Attribute,Location
oatmeal,Attribute,Food
processed,Attribute,Food
behavior,Attribute,Service
ceilings,Attribute,Ambiance
associates,Attribute,Service
atm,Attribute,Price
pizzeria,Attribute,Food
quinoa,Attribute,Food
paneer,Attribute,Food
rub,Attribute,Food
hollandaise,Attribute,Food
chew,Attribute,Food
inform,Attribute,Service
brussel,Attribute,Food
hostesses,Attribute,Service
purse,Attribute,Price
directions,Attribute,Location
colour,Attribute,Ambiance
lane,Attribute,Location
boston,Attribute,Location
sheet,Attribute,Ambiance
supermarket,Attribute,Location
rye,Attribute,Food
kung,Attribute,Food
jalapenos,Attribute,Food
seeds,Attribute,Food
gloves,Attribute,Service
packaged,Attribute,Food
cow,Attribute,Food
underneath,Attribute,Location
boneless,Attribute,Food
avenue,Attribute,Location
retro,Attribute,Ambiance
aroma,Attribute,Food
serviced,Attribute,Service
resto,Attribute,general
frames,Attribute,Ambiance
martinis,Attribute,Food
cali,Attribute,Location
circle,Attribute,Location
pounds,Attribute,Price
gaming,Attribute,Ambiance
gyoza,Attribute,Food
wedge,Attribute,Food
bao,Attribute,Food
tavern,Attribute,general
baklava,Attribute,Food
penne,Attribute,Food
fillings,Attribute,Food
bin,Attribute,Ambiance
creek,Attribute,Location
wipe,Attribute,Service
handling,Attribute,Food
maker,Attribute,Service
allergy,Attribute,Food
purchases,Attribute,Price
defiantly,Attribute,Service
buildings,Attribute,Location
grain,Attribute,Food
inventory,Attribute,Food
ambiente,Attribute,Ambiance
sofa,Attribute,Ambiance
bake,Attribute,Food
milkshakes,Attribute,Food
crusted,Attribute,Food
eel,Attribute,Food
shrimps,Attribute,Food
chatted,Attribute,Service
stools,Attribute,Ambiance
soak,Attribute,Food
interaction,Attribute,Service
warehouse,Attribute,Location
aisle,Attribute,Ambiance
wontons,Attribute,Food
gin,Attribute,Food
chilli,Attribute,Food
foam,Attribute,Food
cleaners,Attribute,Service
directed,Attribute,Service
sourdough,Attribute,Food
speaks,Attribute,Service
margherita,Attribute,Food
mochi,Attribute,Food
remodeled,Attribute,Ambiance
vermicelli,Attribute,Food
airline,Attribute,Location
curries,Attribute,Food
designs,Attribute,Ambiance
stuttgart,Attribute,Location
cities,Attribute,Location
jacuzzi,Attribute,Ambiance
trout,Attribute,Food
tater,Attribute,Food
spirit,Attribute,Ambiance
aisles,Attribute,Ambiance
dime,Attribute,Price
flan,Attribute,Food
lunches,Attribute,Food
empanadas,Attribute,Food
bench,Attribute,Ambiance
perform,Attribute,Service
caesar's,Attribute,Food
quiche,Attribute,Food
situated,Attribute,Location
butcher,Attribute,Service
calzone,Attribute,Food
recipes,Attribute,Food
scramble,Attribute,Food
fudge,Attribute,Food
manger,Attribute,Service
videos,Attribute,Ambiance
consultation,Attribute,Service
celery,Attribute,Food
privacy,Attribute,Ambiance
allergic,Attribute,Food
oreo,Attribute,Food
paella,Attribute,Food
sampling,Attribute,Food
finance,Attribute,Price
cigar,Attribute,Food
backyard,Attribute,Ambiance
tandoori,Attribute,Food
stuffing,Attribute,Food
satay,Attribute,Food
carolina,Attribute,Location
exhibits,Attribute,Ambiance
stickers,Attribute,Ambiance
promotion,Attribute,Price
drinker,Attribute,Food
county,Attribute,Location
gallery,Attribute,Ambiance
cent,Attribute,Price
terrace,Attribute,Ambiance
napkin,Attribute,Ambiance
arts,Attribute,Ambiance
byob,Attribute,Service
outdoors,Attribute,Ambiance
mandarin,Attribute,Food
bouncers,Attribute,Service
horchata,Attribute,Food
cucumbers,Attribute,Food
benches,Attribute,Ambiance
creamed,Attribute,Food
leftover,Attribute,Food
canal,Attribute,Location
candle,Attribute,Ambiance
tropical,Attribute,Ambiance
fireplace,Attribute,Ambiance
ford,Attribute,Location
theaters,Attribute,Location
gumbo,Attribute,Food
macaroons,Attribute,Food
structure,Attribute,Ambiance
prawns,Attribute,Food
schnitzel,Attribute,Food
estate,Attribute,Location
viel,Attribute,Food
orleans,Attribute,Location
wisconsin,Attribute,Location
searched,Attribute,Location
bouncer,Attribute,Service
technicians,Attribute,Service
scoops,Attribute,Food
assorted,Attribute,Food
panang,Attribute,Food
remodel,Attribute,Ambiance
explains,Attribute,Service
lamp,Attribute,Ambiance
arrangement,Attribute,Ambiance
nacho,Attribute,Food
ounce,Attribute,Food
bridge,Attribute,Location
displays,Attribute,Ambiance
hosts,Attribute,Service
financial,Attribute,Price
lanes,Attribute,Location
highway,Attribute,Location
owns,Attribute,Service
jasmine,Attribute,Food
spilled,Attribute,Food
neon,Attribute,Ambiance
sriracha,Attribute,Food
fig,Attribute,Food
jungle,Attribute,Ambiance
breakfasts,Attribute,Food
cardboard,Attribute,Ambiance
lychee,Attribute,Food
sautÌ©ed,Attribute,Food
barrel,Attribute,Ambiance
crushed,Attribute,Food
quesadillas,Attribute,Food
crackers,Attribute,Food
scotch,Attribute,Food
candles,Attribute,Ambiance
tamale,Attribute,Food
clock,Attribute,Ambiance
cannoli,Attribute,Food
discussed,Attribute,Service
rooftop,Attribute,Ambiance
hiking,Attribute,Location
scones,Attribute,Food
cans,Attribute,Food
fillet,Attribute,Food
technique,Attribute,Service
carb,Attribute,Food
pao,Attribute,Food
crystal,Attribute,Ambiance
aquarium,Attribute,Ambiance
chunk,Attribute,Food
coated,Attribute,Service
papaya,Attribute,Food
pots,Attribute,Food
trays,Attribute,Food
cabana,Attribute,Ambiance
condo,Attribute,Location
cowboy,Attribute,Ambiance
guitar,Attribute,Ambiance
wiped,Attribute,Service
puff,Attribute,Food
dc,Attribute,Location
nc,Attribute,Location
salami,Attribute,Food
corners,Attribute,Ambiance
curtains,Attribute,Ambiance
samosas,Attribute,Food
hubs,Attribute,general
catered,Attribute,Food
communicate,Attribute,Service
racks,Attribute,Ambiance
champaign,Attribute,Food
fry's,Attribute,Food
refried,Attribute,Food
brewing,Attribute,Food
pomegranate,Attribute,Food
gorgonzola,Attribute,Food
thirsty,Attribute,Food
mirrors,Attribute,Ambiance
washroom,Attribute,Ambiance
renovation,Attribute,Ambiance
pouring,Attribute,Food
decoration,Attribute,Ambiance
costumes,Attribute,Ambiance
tarts,Attribute,Food
staffs,Attribute,service
freeway,Attribute,Location
baja,Attribute,Food
bibimbap,Attribute,Food
euro,Attribute,Price
tzatziki,Attribute,Food
butternut,Attribute,Food
sf,Attribute,Location
peel,Attribute,Food
underground,Attribute,Location
brownies,Attribute,Food
listens,Attribute,Service
belgian,Attribute,Food
crumbs,Attribute,Food
courtyard,Attribute,Ambiance
dill,Attribute,Food
okra,Attribute,Food
pinch,Attribute,Food
lotus,Attribute,Food
microwaved,Attribute,Food
salesperson,Attribute,Service
lemongrass,Attribute,Food
cubes,Attribute,Food
garnish,Attribute,Food
seattle,Attribute,Location
platters,Attribute,Food
steakhouses,Attribute,general
personnel,Attribute,Service
omelets,Attribute,Food
scenery,Attribute,Ambiance
souvlaki,Attribute,Food
indoors,Attribute,Ambiance
pea,Attribute,Food
television,Attribute,Ambiance
flooring,Attribute,Ambiance
bouchon,Attribute,Food
tunes,Attribute,Ambiance
refilling,Attribute,Service
renovations,Attribute,Ambiance
sprinkles,Attribute,Food
wok,Attribute,Food
cantonese,Attribute,Food
dips,Attribute,Food
pinot,Attribute,Food
granola,Attribute,Food
grapefruit,Attribute,Food
pints,Attribute,Food
heating,Attribute,Ambiance
fritters,Attribute,Food
tapioca,Attribute,Food
pitchers,Attribute,Food
hometown,Attribute,Location
acrylic,Attribute,Ambiance
tex,Attribute,Food
soaking,Attribute,Food
baking,Attribute,Food
walgreens,Attribute,Location
slab,Attribute,Food
pubs,Attribute,general
tours,Attribute,Location
wedges,Attribute,Food
maid,Attribute,Service
parks,Attribute,Location
radish,Attribute,Food
hipsters,Attribute,Ambiance
caffeine,Attribute,Food
wellington,Attribute,Location
roots,Attribute,Food
cigars,Attribute,Food
surface,Attribute,Ambiance
fryer,Attribute,Food
plated,Attribute,Food
boards,Attribute,Ambiance
boulder,Attribute,Location
brooklyn,Attribute,Location
chimichanga,Attribute,Food
techniques,Attribute,Service
kabobs,Attribute,Food
dimly,Attribute,Ambiance
demeanor,Attribute,Service
tai,Attribute,Food
seed,Attribute,Food
yolk,Attribute,Food
parfait,Attribute,Food
quarters,Attribute,Price
tres,Attribute,Food
foodies,Attribute,Food
cereal,Attribute,Food
skins,Attribute,Food
sipping,Attribute,Food
chipped,Attribute,Food
sandwhich,Attribute,Food
lawn,Attribute,Ambiance
seasonings,Attribute,Food
supper,Attribute,Food
chopsticks,Attribute,Food
fettuccine,Attribute,Food
churros,Attribute,Food
cigarettes,Attribute,Food
sounding,Attribute,Ambiance
redeeming,Attribute,Price
cola,Attribute,Food
memorabilia,Attribute,Ambiance
audio,Attribute,Ambiance
oils,Attribute,Food
pillow,Attribute,Ambiance
pinball,Attribute,Ambiance
bathtub,Attribute,Ambiance
inquire,Attribute,Service
bakeries,Attribute,Food
pepsi,Attribute,Food
visually,Attribute,Ambiance
tonkotsu,Attribute,Food
froyo,Attribute,Food
coats,Attribute,Service
breadsticks,Attribute,Food
garlicky,Attribute,Food
tonkatsu,Attribute,Food
dishwasher,Attribute,Service
malt,Attribute,Food
kensington,Attribute,Location
peruvian,Attribute,Food
server's,Attribute,Service
cesar,Attribute,Food
bubbles,Attribute,Food
fest,Attribute,Context
courts,Attribute,Ambiance
greets,Attribute,Service
fajita,Attribute,Food
pacific,Attribute,Location
studios,Attribute,Ambiance
dosa,Attribute,Food
hashbrowns,Attribute,Food
queue,Attribute,Service
escorted,Attribute,Context
ontario,Attribute,Location
scone,Attribute,Food
stalls,Attribute,Ambiance
blinds,Attribute,Ambiance
buttered,Attribute,Food
tilapia,Attribute,Food
chandelier,Attribute,Ambiance
ventilation,Attribute,Ambiance
teppanyaki,Attribute,Food
galore,Attribute,Ambiance
boiling,Attribute,Food
minced,Attribute,Food
jamaican,Attribute,Food
tastebuds,Attribute,Food
bahn,Attribute,Location
airports,Attribute,Location
forks,Attribute,Food
ringing,Attribute,Ambiance
washes,Attribute,Service
billed,Attribute,Price
charleston,Attribute,Location
gps,Attribute,Location
feeding,Attribute,Service
discussion,Attribute,Service
prints,Attribute,Ambiance
capers,Attribute,Food
creates,Attribute,Service
collard,Attribute,Food
snapper,Attribute,Food
toilets,Attribute,Ambiance
promoter,Attribute,Service
costume,Attribute,Ambiance
richmond,Attribute,Location
monorail,Attribute,Location
gallon,Attribute,Food
pine,Attribute,Food
landscaping,Attribute,Ambiance
drafts,Attribute,Food
shark,Attribute,Food
premises,Attribute,Location
hosted,Attribute,Service
mugs,Attribute,Food
burrata,Attribute,Food
jars,Attribute,Food
rentals,Attribute,Location
sang,Attribute,Ambiance
woods,Attribute,Ambiance
smokers,Attribute,Ambiance
danforth,Attribute,Location
condensed,Attribute,Food
scampi,Attribute,Food
accommodations,Attribute,Service
breweries,Attribute,Food
safeway,Attribute,Location
walkway,Attribute,Location
artichokes,Attribute,Food
concerts,Attribute,Ambiance
suv,Attribute,Location
dressings,Attribute,Food
england,Attribute,Location
plum,Attribute,Food
tram,Attribute,Location
forest,Attribute,Location
cabinets,Attribute,Ambiance
blankets,Attribute,Ambiance
getaway,Attribute,Context
salat,Attribute,Food
szechuan,Attribute,Food
oakland,Attribute,Location
televisions,Attribute,Ambiance
colorado,Attribute,Location
aftertaste,Attribute,Food
pancetta,Attribute,Food
austin,Attribute,Location
cellar,Attribute,Food
cycle,Attribute,Location
accounts,Attribute,Price
mead,Attribute,Food
centrally,Attribute,Location
acrylics,Attribute,Ambiance
earthy,Attribute,Food
guy's,Attribute,Service
masters,Attribute,Service
transit,Attribute,Location
ales,Attribute,Food
cutlet,Attribute,Food
basmati,Attribute,Food
acidic,Attribute,Food
ballpark,Attribute,Location
chiles,Attribute,Food
plantain,Attribute,Food
stripper,Attribute,Service
portland,Attribute,Location
airways,Attribute,Location
anchovies,Attribute,Food
brandy,Attribute,Food
redeemed,Attribute,Price
absinthe,Attribute,Food
hum,Attribute,Ambiance
oozing,Attribute,Food
leaks,Attribute,Ambiance
bj's,Attribute,Location
churro,Attribute,Food
filets,Attribute,Food
torte,Attribute,Food
avacado,Attribute,Food
staircase,Attribute,Ambiance
griddle,Attribute,Food
etiquette,Attribute,Ambiance
buffett,Attribute,Food
baguettes,Attribute,Food
boutiques,Attribute,Ambiance
terminals,Attribute,Location
scooped,Attribute,Food
seedy,Attribute,Ambiance
day,Attribute,Context
night,Attribute,Context
hour,Attribute,Context
friends,Attribute,Context
friend,Attribute,Context
family,Attribute,Context
couple,Attribute,Context
hours,Attribute,Context
husband,Attribute,Context
week,Attribute,Context
days,Attribute,Context
kids,Attribute,Context
party,Attribute,Context
wife,Attribute,Context
company,Attribute,Context
dog,Attribute,Context
morning,Attribute,Context
saturday,Attribute,Context
months,Attribute,Context
weekend,Attribute,Context
sunday,Attribute,Context
evening,Attribute,Context
birthday,Attribute,Context
weeks,Attribute,Context
friday,Attribute,Context
month,Attribute,Context
boyfriend,Attribute,Context
date,Attribute,Context
afternoon,Attribute,Context
mom,Attribute,Context
son,Attribute,Context
wedding,Attribute,Context
daughter,Attribute,Context
event,Attribute,Context
nights,Attribute,Context
tonight,Attribute,Context
ladies,Attribute,Context
forever,Attribute,Context
monday,Attribute,Context
hang,Attribute,Context
kid,Attribute,Context
moment,Attribute,Context
yesterday,Attribute,Context
telling,Attribute,Context
sister,Attribute,Context
girlfriend,Attribute,Context
tap,Attribute,Context
tuesday,Attribute,Context
mood,Attribute,Context
weekends,Attribute,Context
hubby,Attribute,Context
sun,Attribute,Context
parents,Attribute,Context
thursday,Attribute,Context
weather,Attribute,Context
christmas,Attribute,Context
mother,Attribute,Context
wednesday,Attribute,Context
beginning,Attribute,Context
child,Attribute,Context
bf,Attribute,Context
vacation,Attribute,Context
tired,Attribute,Context
occasion,Attribute,Context
community,Attribute,Context
occasions,Attribute,Context
winter,Attribute,Context
dad,Attribute,Context
brother,Attribute,Context
lacked,Attribute,Context
age,Attribute,Context
friend's,Attribute,Context
holiday,Attribute,Context
everyday,Attribute,Context
students,Attribute,Context
anniversary,Attribute,Context
tom,Attribute,Context
adults,Attribute,Context
adult,Attribute,Context
families,Attribute,Context
partner,Attribute,Context
weekday,Attribute,Context
starving,Attribute,Context
weekly,Attribute,Context
everytime,Attribute,Context
gf,Attribute,Context
noon,Attribute,Context
lover,Attribute,Context
midnight,Attribute,Context
july,Attribute,Context
tomorrow,Attribute,Context
lovers,Attribute,Context
dates,Attribute,Context
mon,Attribute,Context
wife's,Attribute,Context
buddy,Attribute,Context
fiance,Attribute,Context
couples,Attribute,Context
father,Attribute,Context
sundays,Attribute,Context
conference,Attribute,Context
watering,Attribute,Context
festival,Attribute,Context
dated,Attribute,Context
thanksgiving,Attribute,Context
rain,Attribute,Context
cousin,Attribute,Context
march,Attribute,Context
june,Attribute,Context
april,Attribute,Context
girlfriends,Attribute,Context
moon,Attribute,Context
uber,Attribute,Context
holidays,Attribute,Context
august,Attribute,Context
eve,Attribute,Context
breeze,Attribute,Context
companion,Attribute,Context
sunset,Attribute,Context
december,Attribute,Context
picnic,Attribute,Context
daughters,Attribute,Context
january,Attribute,Context
october,Attribute,Context
celebration,Attribute,Context
mother's,Attribute,Context
babies,Attribute,Context
p.m,Attribute,Context
bachelorette,Attribute,Context
bridal,Attribute,Context
mornings,Attribute,Context
fridays,Attribute,Context
tuesdays,Attribute,Context
occasional,Attribute,Context
wee,Attribute,Context
mom's,Attribute,Context
saturdays,Attribute,Context
november,Attribute,Context
sons,Attribute,Context
annual,Attribute,Context
showers,Attribute,Context
daughter's,Attribute,Context
brothers,Attribute,Context
ma,Attribute,Context
pa,Attribute,Context
lunchtime,Attribute,Context
hunger,Attribute,Context
weekdays,Attribute,Context
teacher,Attribute,Context
husbands,Attribute,Context
connection,Attribute,Context
uncle,Attribute,Context
toddler,Attribute,Context
september,Attribute,Context
bride,Attribute,Context
journey,Attribute,Context
bday,Attribute,Context
halloween,Attribute,Context
children's,Attribute,Context
colleagues,Attribute,Context
ceremony,Attribute,Context
overnight,Attribute,Context
childhood,Attribute,Context
aunt,Attribute,Context
mondays,Attribute,Context
february,Attribute,Context
a.m,Attribute,Context
yr,Attribute,Context
accompanying,Attribute,Context
papa,Attribute,Context
yrs,Attribute,Context
boyfriend's,Attribute,Context
sisters,Attribute,Context
rainy,Attribute,Context
companions,Attribute,Context
bros,Attribute,Context
gathering,Attribute,Context
decade,Attribute,Context
niece,Attribute,Context
moms,Attribute,Context
engagement,Attribute,Context
accompany,Attribute,Context
relative,Attribute,Context
fri,Attribute,Context
teenagers,Attribute,Context
wednesdays,Attribute,Context
parent,Attribute,Context
grandmother,Attribute,Context
thursdays,Attribute,Context
mothers,Attribute,Context
boyfriends,Attribute,Context
father's,Attribute,Context
jan,Attribute,Context
graduation,Attribute,Context
company's,Attribute,Context
nightlife,Attribute,Context
accompaniment,Attribute,Context
weddings,Attribute,Context
daytime,Attribute,Context
agave,Attribute,Context
wifey,Attribute,Context
girlfriend's,Attribute,Context
afternoons,Attribute,Context
sunday's,Attribute,Context
bf's,Attribute,Context
friday's,Attribute,Context
day's,Attribute,Context
potato,Attribute,Food
vegan,Attribute,Food
 ,,
